{"cameraMode":{"drawMode":0,"name":"Shaded","section":"Shading Mode"},"sceneLighting":false,"audioPlay":false,"sceneViewState":{"m_AlwaysRefresh":false,"showFog":true,"showSkybox":false,"showFlares":true,"showImageEffects":true,"showParticleSystems":true,"showVisualEffectGraphs":true,"m_FxEnabled":true},"in2DMode":false,"pivot":{"x":-0.03682836890220642,"y":0.1947091817855835,"z":0.04239743947982788},"rotation":{"x":0.4516189694404602,"y":-0.5453737378120422,"z":0.4587092697620392,"w":0.5369182229042053},"size":5.972455978393555,"orthographic":false}